Re,Im
0.02288347574415693,0.0
0.013907522194258457,0.0
